[{"rollno": 1, "name": "Shelly Smith", "Mathematics": 79, "Science": 90, "English": 81}, {"rollno": 2, "name": "Shane Nelson", "Mathematics": 71, "Science": 92, "English": 100}, {"rollno": 3, "name": "Natasha King", "Mathematics": 83, "Science": 97, "English": 97}, {"rollno": 4, "name": "Tammy Moore", "Mathematics": 91, "Science": 98, "English": 81}, {"rollno": 5, "name": "Kelsey Vega", "Mathematics": 97, "Science": 85, "English": 91}, {"rollno": 6, "name": "John Tucker", "Mathematics": 94, "Science": 92, "English": 92}, {"rollno": 7, "name": "Dr. Terri Williams MD", "Mathematics": 94, "Science": 97, "English": 99}, {"rollno": 8, "name": "Karla Sherman", "Mathematics": 99, "Science": 89, "English": 81}, {"rollno": 9, "name": "Lori Cox", "Mathematics": 99, "Science": 92, "English": 99}, {"rollno": 10, "name": "Brett Edwards", "Mathematics": 77, "Science": 94, "English": 85}, {"rollno": 11, "name": "Heather Faulkner", "Mathematics": 87, "Science": 89, "English": 80}, {"rollno": 12, "name": "Michele Saunders", "Mathematics": 70, "Science": 100, "English": 99}, {"rollno": 13, "name": "Ian Pratt", "Mathematics": 90, "Science": 91, "English": 83}, {"rollno": 14, "name": "Ryan Lam", "Mathematics": 93, "Science": 84, "English": 99}, {"rollno": 15, "name": "Lauren Clark", "Mathematics": 75, "Science": 93, "English": 89}, {"rollno": 16, "name": "Wendy Summers", "Mathematics": 84, "Science": 93, "English": 100}, {"rollno": 17, "name": "Alyssa Adams", "Mathematics": 76, "Science": 85, "English": 90}, {"rollno": 18, "name": "Kari Everett", "Mathematics": 78, "Science": 88, "English": 88}, {"rollno": 19, "name": "Margaret Salinas", "Mathematics": 98, "Science": 90, "English": 94}, {"rollno": 20, "name": "Cynthia Santos", "Mathematics": 73, "Science": 80, "English": 86}, {"rollno": 21, "name": "Joseph Spencer", "Mathematics": 71, "Science": 94, "English": 100}, {"rollno": 22, "name": "Michael Griffith", "Mathematics": 100, "Science": 100, "English": 99}, {"rollno": 23, "name": "Timothy Mora", "Mathematics": 77, "Science": 87, "English": 90}, {"rollno": 24, "name": "Julie Martin", "Mathematics": 97, "Science": 86, "English": 100}, {"rollno": 25, "name": "Jennifer Solomon", "Mathematics": 82, "Science": 85, "English": 80}, {"rollno": 26, "name": "Jennifer Rivera", "Mathematics": 76, "Science": 81, "English": 100}, {"rollno": 27, "name": "Jennifer George", "Mathematics": 84, "Science": 99, "English": 89}, {"rollno": 28, "name": "Kathleen Villegas", "Mathematics": 84, "Science": 98, "English": 84}, {"rollno": 29, "name": "Kimberly Carrillo", "Mathematics": 76, "Science": 88, "English": 100}, {"rollno": 30, "name": "Timothy Blankenship", "Mathematics": 72, "Science": 93, "English": 80}, {"rollno": 31, "name": "Jessica Schneider", "Mathematics": 73, "Science": 97, "English": 83}, {"rollno": 32, "name": "John Moore", "Mathematics": 72, "Science": 88, "English": 95}, {"rollno": 33, "name": "Michael Peterson", "Mathematics": 100, "Science": 80, "English": 83}, {"rollno": 34, "name": "Gregory Townsend", "Mathematics": 78, "Science": 89, "English": 91}, {"rollno": 35, "name": "Joseph Thomas", "Mathematics": 84, "Science": 92, "English": 90}, {"rollno": 36, "name": "Brandon Alvarado", "Mathematics": 76, "Science": 97, "English": 95}, {"rollno": 37, "name": "Colin Huerta", "Mathematics": 81, "Science": 97, "English": 90}, {"rollno": 38, "name": "Christine Terrell", "Mathematics": 75, "Science": 88, "English": 86}, {"rollno": 39, "name": "Mr. Bryan Reilly", "Mathematics": 91, "Science": 90, "English": 100}, {"rollno": 40, "name": "David Wright", "Mathematics": 79, "Science": 81, "English": 87}, {"rollno": 41, "name": "Breanna Oneal", "Mathematics": 89, "Science": 92, "English": 97}, {"rollno": 42, "name": "Matthew Smith", "Mathematics": 83, "Science": 93, "English": 90}, {"rollno": 43, "name": "Brandy Page", "Mathematics": 89, "Science": 97, "English": 94}, {"rollno": 44, "name": "Crystal Braun", "Mathematics": 91, "Science": 86, "English": 96}, {"rollno": 45, "name": "Steve Carpenter", "Mathematics": 97, "Science": 85, "English": 86}, {"rollno": 46, "name": "Crystal Mathis", "Mathematics": 94, "Science": 96, "English": 97}, {"rollno": 47, "name": "Janice Harper", "Mathematics": 87, "Science": 96, "English": 98}, {"rollno": 48, "name": "Sarah Davidson", "Mathematics": 90, "Science": 93, "English": 84}, {"rollno": 49, "name": "Kevin Green", "Mathematics": 98, "Science": 85, "English": 94}, {"rollno": 50, "name": "Clifford Henson", "Mathematics": 94, "Science": 84, "English": 93}, {"rollno": 51, "name": "Brian Roberts", "Mathematics": 97, "Science": 99, "English": 95}, {"rollno": 52, "name": "Natalie Clark", "Mathematics": 96, "Science": 85, "English": 97}, {"rollno": 53, "name": "Carly Knight", "Mathematics": 96, "Science": 96, "English": 82}, {"rollno": 54, "name": "Mr. Reginald Lane DVM", "Mathematics": 72, "Science": 88, "English": 91}, {"rollno": 55, "name": "Andrea Cooke", "Mathematics": 98, "Science": 91, "English": 84}, {"rollno": 56, "name": "George Moore", "Mathematics": 80, "Science": 94, "English": 88}, {"rollno": 57, "name": "John Gonzalez", "Mathematics": 88, "Science": 96, "English": 97}, {"rollno": 58, "name": "Jacqueline Smith", "Mathematics": 89, "Science": 84, "English": 99}, {"rollno": 59, "name": "Vanessa Cunningham", "Mathematics": 87, "Science": 97, "English": 82}, {"rollno": 60, "name": "Stephen Turner", "Mathematics": 83, "Science": 87, "English": 92}, {"rollno": 61, "name": "Harry Cruz", "Mathematics": 92, "Science": 95, "English": 86}, {"rollno": 62, "name": "Megan Savage", "Mathematics": 79, "Science": 90, "English": 92}, {"rollno": 63, "name": "Peter Williams", "Mathematics": 92, "Science": 88, "English": 97}, {"rollno": 64, "name": "Megan Coleman", "Mathematics": 86, "Science": 91, "English": 96}, {"rollno": 65, "name": "Lauren Stanton", "Mathematics": 81, "Science": 99, "English": 97}, {"rollno": 66, "name": "Charles Jackson", "Mathematics": 87, "Science": 82, "English": 93}, {"rollno": 67, "name": "Karen Gillespie", "Mathematics": 71, "Science": 80, "English": 95}, {"rollno": 68, "name": "Joseph Henderson", "Mathematics": 70, "Science": 97, "English": 91}, {"rollno": 69, "name": "Brian Mcfarland", "Mathematics": 78, "Science": 90, "English": 88}, {"rollno": 70, "name": "Alyssa Huynh", "Mathematics": 86, "Science": 89, "English": 84}, {"rollno": 71, "name": "Stacey Sanders", "Mathematics": 80, "Science": 99, "English": 96}, {"rollno": 72, "name": "Rachel Jenkins", "Mathematics": 99, "Science": 95, "English": 80}, {"rollno": 73, "name": "Tammy Harmon", "Mathematics": 86, "Science": 99, "English": 92}, {"rollno": 74, "name": "Marissa Matthews", "Mathematics": 85, "Science": 80, "English": 99}, {"rollno": 75, "name": "Christopher Chen II", "Mathematics": 97, "Science": 98, "English": 87}, {"rollno": 76, "name": "Brandon Murphy", "Mathematics": 93, "Science": 94, "English": 91}, {"rollno": 77, "name": "Maureen Carter", "Mathematics": 82, "Science": 97, "English": 83}, {"rollno": 78, "name": "Dennis Carroll", "Mathematics": 77, "Science": 93, "English": 87}, {"rollno": 79, "name": "Angela Shepard", "Mathematics": 87, "Science": 98, "English": 98}, {"rollno": 80, "name": "Eddie Torres", "Mathematics": 84, "Science": 86, "English": 80}, {"rollno": 81, "name": "Victor Reeves", "Mathematics": 96, "Science": 88, "English": 89}, {"rollno": 82, "name": "Mr. Scott Tyler", "Mathematics": 95, "Science": 94, "English": 96}, {"rollno": 83, "name": "Alex Hall", "Mathematics": 79, "Science": 80, "English": 90}, {"rollno": 84, "name": "Michael Simmons", "Mathematics": 84, "Science": 86, "English": 90}, {"rollno": 85, "name": "Kathleen Rogers", "Mathematics": 85, "Science": 93, "English": 99}, {"rollno": 86, "name": "Lisa Love", "Mathematics": 80, "Science": 87, "English": 87}, {"rollno": 87, "name": "Melissa White", "Mathematics": 93, "Science": 95, "English": 80}, {"rollno": 88, "name": "Shannon Leon", "Mathematics": 81, "Science": 94, "English": 85}, {"rollno": 89, "name": "Maria Serrano", "Mathematics": 84, "Science": 88, "English": 94}, {"rollno": 90, "name": "Traci Herrera", "Mathematics": 73, "Science": 99, "English": 97}, {"rollno": 91, "name": "Amber Woods", "Mathematics": 72, "Science": 99, "English": 86}, {"rollno": 92, "name": "Katrina Henderson", "Mathematics": 73, "Science": 89, "English": 82}, {"rollno": 93, "name": "Ryan Gill", "Mathematics": 97, "Science": 88, "English": 97}, {"rollno": 94, "name": "James Bennett DDS", "Mathematics": 91, "Science": 84, "English": 96}, {"rollno": 95, "name": "Cynthia Brown", "Mathematics": 75, "Science": 100, "English": 80}, {"rollno": 96, "name": "Jacob Malone", "Mathematics": 74, "Science": 86, "English": 93}, {"rollno": 97, "name": "Evelyn Thompson", "Mathematics": 92, "Science": 90, "English": 100}, {"rollno": 98, "name": "Michelle Bradshaw", "Mathematics": 74, "Science": 88, "English": 94}, {"rollno": 99, "name": "Rachel Cline", "Mathematics": 86, "Science": 82, "English": 84}, {"rollno": 100, "name": "Richard Edwards", "Mathematics": 88, "Science": 93, "English": 88}]